proc_name,mem_usage,cpu_usage,threads_num
pno0001.exe,389808128,0.0,29
pno0001.exe,389832704,10.333333333333334,29
pno0001.exe,389832704,12.6,29
pno0001.exe,389832704,12.4,29
pno0001.exe,389832704,14.700000000000001,29
pno0001.exe,389832704,14.466666666666667,29
pno0001.exe,389832704,6.3,29
pno0001.exe,389832704,14.466666666666667,29
pno0001.exe,389832704,14.15,29
pno0001.exe,389877760,8.266666666666667,29
pno0001.exe,389877760,12.6,29
pno0001.exe,389877760,14.466666666666667,29
pno0001.exe,389877760,10.5,29
pno0001.exe,389877760,11.533333333333333,29
pno0001.exe,389877760,14.700000000000001,29
pno0001.exe,389877760,8.266666666666667,29
pno0001.exe,389877760,16.8,29
pno0001.exe,389939200,12.4,29
pno0001.exe,389939200,16.8,29
pno0001.exe,389943296,12.4,29
pno0001.exe,389943296,10.5,29
pno0001.exe,389943296,16.533333333333335,29
pno0001.exe,389943296,14.700000000000001,29
pno0001.exe,389943296,12.4,29
pno0001.exe,389943296,6.3,29
pno0001.exe,389992448,4.133333333333334,29
pno0001.exe,389992448,10.5,29
pno0001.exe,389992448,12.4,29
pno0001.exe,389992448,14.700000000000001,29
pno0001.exe,389992448,14.466666666666667,29
pno0001.exe,389992448,10.5,29
pno0001.exe,389992448,10.333333333333334,29
pno0001.exe,390045696,14.700000000000001,29
pno0001.exe,390103040,16.533333333333335,29
pno0001.exe,390103040,12.6,29
pno0001.exe,390103040,12.4,29
pno0001.exe,390111232,10.5,29
pno0001.exe,390164480,12.4,29
pno0001.exe,390164480,6.3,29
pno0001.exe,390164480,14.466666666666667,29
pno0001.exe,390176768,16.8,29
pno0001.exe,390225920,12.4,29
pno0001.exe,390225920,12.6,29
pno0001.exe,390225920,13.358333333333334,29
pno0001.exe,390225920,14.466666666666667,29
pno0001.exe,390225920,14.700000000000001,29
pno0001.exe,390225920,12.4,29
pno0001.exe,390242304,12.6,29
pno0001.exe,390291456,10.333333333333334,29
pno0001.exe,390291456,14.700000000000001,29
pno0001.exe,390291456,10.333333333333334,29
pno0001.exe,390291456,14.700000000000001,29
pno0001.exe,390291456,10.333333333333334,29
pno0001.exe,390291456,12.6,29
pno0001.exe,390291456,14.466666666666667,29
pno0001.exe,390291456,13.358333333333334,29
pno0001.exe,390291456,10.5,29
pno0001.exe,390291456,6.2,29
pno0001.exe,390291456,12.6,29
pno0001.exe,390291456,6.2,29
pno0001.exe,390299648,12.6,29
pno0001.exe,390299648,14.466666666666667,29
pno0001.exe,390299648,12.6,29
pno0001.exe,390299648,12.4,29
pno0001.exe,390299648,12.6,29
pno0001.exe,390299648,14.466666666666667,29
pno0001.exe,390299648,12.6,29
pno0001.exe,390299648,16.533333333333335,29
pno0001.exe,390299648,8.4,29
pno0001.exe,390430720,14.466666666666667,29
pno0001.exe,390430720,12.6,29
pno0001.exe,390430720,14.466666666666667,29
pno0001.exe,378896384,12.6,29
pno0001.exe,378896384,12.4,29
pno0001.exe,378896384,12.6,29
pno0001.exe,378896384,14.466666666666667,29
pno0001.exe,378896384,6.675,29
pno0001.exe,378896384,16.8,29
pno0001.exe,378896384,10.333333333333334,29
pno0001.exe,378896384,12.6,29
pno0001.exe,378896384,16.533333333333335,29
pno0001.exe,378896384,14.700000000000001,29
pno0001.exe,378896384,8.266666666666667,29
pno0001.exe,378896384,8.4,29
pno0001.exe,378896384,14.466666666666667,29
